temp,it,bestsd,sd,acc
0.8553007811465052,0,0.06773617414039394,0.06825781395780059,0
0.8553007811465052,1,0.06773617414039394,0.07790621019813751,0
0.8553007811465052,2,0.06773617414039394,0.06779631426132357,0
0.8553007811465052,3,0.06773617414039394,0.06773790831971985,1
0.8553007811465052,4,0.06773617414039394,0.06774340619057592,1
0.8553007811465052,5,0.06742690225999573,0.06742690225999573,1
0.8553007811465052,6,0.06676901964574825,0.06676901964574825,1
0.8553007811465052,7,0.06659755642081044,0.06659755642081044,1
0.8553007811465052,8,0.06659755642081044,0.06675528442777089,1
0.8553007811465052,9,0.06659755642081044,0.06969004896802258,0
0.8553007811465052,10,0.06659755642081044,0.07140770411535122,0
0.8553007811465052,11,0.06659755642081044,0.06695845389672948,0
0.8553007811465052,12,0.06659755642081044,0.06696592512632529,0
0.8553007811465052,13,0.06659755642081044,0.06687135634597184,0
0.8553007811465052,14,0.06659755642081044,0.06690920428933635,0
0.8553007811465052,15,0.06659755642081044,0.06679257215822776,0
0.8553007811465052,16,0.06659755642081044,0.06666091868024533,1
0.8553007811465052,17,0.06659755642081044,0.06664683863025579,1
0.8553007811465052,18,0.06659755642081044,0.06947934918958598,0
0.8553007811465052,19,0.06659755642081044,0.06790775870602545,0
0.8553007811465052,20,0.06659755642081044,0.07837789437723501,0
0.8553007811465052,21,0.06659755642081044,0.06741092245854167,0
0.8553007811465052,22,0.06659755642081044,0.0708877158638202,0
0.8553007811465052,23,0.06658779111247104,0.06658779111247104,1
0.8553007811465052,24,0.06658779111247104,0.06835078626018688,0
0.8553007811465052,25,0.06655475017726095,0.06655475017726095,1
0.8553007811465052,26,0.06655475017726095,0.0686727580855755,0
0.8553007811465052,27,0.06514941899067134,0.06514941899067134,1
0.8553007811465052,28,0.06514941899067134,0.07711973886435983,0
0.8553007811465052,29,0.0639437126293194,0.0639437126293194,1
0.8553007811465052,30,0.0639437126293194,0.06414617929826447,1
0.8553007811465052,31,0.0639437126293194,0.07390571300321087,0
0.8553007811465052,32,0.0639437126293194,0.08910098263654427,1
0.8553007811465052,33,0.0639437126293194,0.0891001486185709,1
0.8553007811465052,34,0.0639437126293194,0.08975262032398956,0
0.8553007811465052,35,0.0639437126293194,0.08882403101338694,1
0.8553007811465052,36,0.0639437126293194,0.08930652341875511,1
0.8553007811465052,37,0.0639437126293194,0.08913755092322082,1
0.8553007811465052,38,0.0639437126293194,0.09717169068342897,1
0.8553007811465052,39,0.0639437126293194,0.09709984715517617,1
0.8553007811465052,40,0.0639437126293194,0.09705612958441537,1
0.8553007811465052,41,0.0639437126293194,0.09858888137489007,0
0.8553007811465052,42,0.0639437126293194,0.0876409025822828,1
0.8553007811465052,43,0.0639437126293194,0.08742798727723065,1
0.8553007811465052,44,0.0639437126293194,0.11465302552006161,0
0.8553007811465052,45,0.0639437126293194,0.09828320912892252,0
0.8553007811465052,46,0.0639437126293194,0.08768921548290232,1
0.8553007811465052,47,0.0639437126293194,0.08809782941167559,0
0.8553007811465052,48,0.0639437126293194,0.08779026891459683,0
0.8553007811465052,49,0.0639437126293194,0.08772762698667594,0
0.8553007811465052,50,0.0639437126293194,0.08895632375264131,0
0.8553007811465052,51,0.0639437126293194,0.0967424675335432,0
0.8553007811465052,52,0.0639437126293194,0.09212991974427374,0
0.8553007811465052,53,0.0639437126293194,0.08760863205599731,1
0.8553007811465052,54,0.0639437126293194,0.08762004903978247,1
0.8553007811465052,55,0.0639437126293194,0.09221261771090775,0
0.8553007811465052,56,0.0639437126293194,0.09325222129228643,0
0.8553007811465052,57,0.0639437126293194,0.08777688776987588,0
0.8553007811465052,58,0.0639437126293194,0.08764767002932394,1
0.8553007811465052,59,0.0639437126293194,0.08764745335873861,1
0.8553007811465052,60,0.0639437126293194,0.08779989966746019,1
0.8553007811465052,61,0.0639437126293194,0.08796289041821398,0
0.8553007811465052,62,0.0639437126293194,0.08786725601673534,0
0.8553007811465052,63,0.0639437126293194,0.08783116266119322,1
0.8553007811465052,64,0.0639437126293194,0.08926207060963515,0
0.8553007811465052,65,0.0639437126293194,0.08787269278691208,1
0.8553007811465052,66,0.0639437126293194,0.08769402649554776,1
0.8553007811465052,67,0.0639437126293194,0.08786594336283092,0
0.8553007811465052,68,0.0639437126293194,0.08780356208630534,0
0.8553007811465052,69,0.0639437126293194,0.08769291276909368,1
0.8553007811465052,70,0.0639437126293194,0.08820167901145401,0
0.8553007811465052,71,0.0639437126293194,0.08823652496599071,0
0.8553007811465052,72,0.0639437126293194,0.10395492799802944,0
0.8553007811465052,73,0.0639437126293194,0.08769756872712216,0
0.8553007811465052,74,0.0639437126293194,0.08759356392238384,1
0.8553007811465052,75,0.0639437126293194,0.08744674187084854,1
0.8553007811465052,76,0.0639437126293194,0.08743233358966225,1
0.8553007811465052,77,0.0639437126293194,0.08757150027167865,0
0.8553007811465052,78,0.0639437126293194,0.08941857043928428,1
0.8553007811465052,79,0.0639437126293194,0.09135656723531997,0
0.8553007811465052,80,0.0639437126293194,0.09043685399213248,0
0.8553007811465052,81,0.0639437126293194,0.08945354024338466,0
0.8553007811465052,82,0.0639437126293194,0.10877696732492112,0
0.8553007811465052,83,0.0639437126293194,0.08927575208837836,1
0.8553007811465052,84,0.0639437126293194,0.08927684691242165,1
0.8553007811465052,85,0.0639437126293194,0.08990858773706913,1
0.8553007811465052,86,0.0639437126293194,0.08982651265798729,1
0.8553007811465052,87,0.0639437126293194,0.0897329590169314,1
0.8553007811465052,88,0.0639437126293194,0.07258064856121772,1
0.8553007811465052,89,0.0639437126293194,0.07633275575024688,0
0.8553007811465052,90,0.0639437126293194,0.0728225567826786,1
0.8553007811465052,91,0.0639437126293194,0.07335057456145923,1
0.8553007811465052,92,0.0639437126293194,0.07359831941700462,0
0.8553007811465052,93,0.0639437126293194,0.07317469921562002,1
0.8553007811465052,94,0.0639437126293194,0.07319228669171027,0
0.8553007811465052,95,0.0639437126293194,0.07234831634374886,1
0.8553007811465052,96,0.0639437126293194,0.07234208744452583,1
0.8553007811465052,97,0.0639437126293194,0.0838153611766919,0
0.8553007811465052,98,0.0639437126293194,0.07211006929636612,1
0.8553007811465052,99,0.0639437126293194,0.0721143074336344,0
0.8553007811465052,100,0.0639437126293194,0.07211699855934343,0
0.8553007811465052,101,0.0639437126293194,0.07220736744813025,0
0.8553007811465052,102,0.0639437126293194,0.06687211829426747,1
0.8553007811465052,103,0.0639437126293194,0.06850295906093726,0
0.8553007811465052,104,0.0639437126293194,0.06728800044285396,0
0.8553007811465052,105,0.0639437126293194,0.07279666118285796,1
0.8553007811465052,106,0.0639437126293194,0.08289906979700053,0
0.8553007811465052,107,0.0639437126293194,0.07284115953110826,0
0.8553007811465052,108,0.0639437126293194,0.07298402070806213,1
0.8553007811465052,109,0.0639437126293194,0.07294910892420928,1
0.8553007811465052,110,0.0639437126293194,0.07436175461095237,0
0.8553007811465052,111,0.0639437126293194,0.07356983555722806,0
0.8553007811465052,112,0.0639437126293194,0.07298155996615896,0
0.8553007811465052,113,0.0639437126293194,0.07296979725682862,0
0.8553007811465052,114,0.0639437126293194,0.08079395374871723,0
0.8553007811465052,115,0.0639437126293194,0.07250132825642155,1
0.8553007811465052,116,0.0639437126293194,0.0722952587801119,1
0.8553007811465052,117,0.0639437126293194,0.0785615404772991,0
0.8553007811465052,118,0.0639437126293194,0.0737957703451427,0
0.8553007811465052,119,0.0639437126293194,0.0722962898340082,0
0.8553007811465052,120,0.0639437126293194,0.07222650890739835,1
0.8553007811465052,121,0.0639437126293194,0.0727557820582115,0
0.8553007811465052,122,0.0639437126293194,0.08734462220540425,0
0.8553007811465052,123,0.0639437126293194,0.07218151501864209,1
0.8553007811465052,124,0.0639437126293194,0.0722151456517779,0
0.8553007811465052,125,0.0639437126293194,0.07362027440671437,0
0.8553007811465052,126,0.0639437126293194,0.07586087781354822,0
0.8553007811465052,127,0.0639437126293194,0.08129107690436595,0
0.8553007811465052,128,0.0639437126293194,0.07220333406472008,1
0.8553007811465052,129,0.0639437126293194,0.07744725889518876,0
0.8553007811465052,130,0.0639437126293194,0.09031739028453446,0
0.8553007811465052,131,0.0639437126293194,0.07311663562008747,0
0.8553007811465052,132,0.0639437126293194,0.07251189524280609,1
0.8553007811465052,133,0.0639437126293194,0.07247857407935795,1
0.8553007811465052,134,0.0639437126293194,0.08062827067936933,1
0.8553007811465052,135,0.0639437126293194,0.07853402910394515,1
0.8553007811465052,136,0.0639437126293194,0.0764976700032786,1
0.8553007811465052,137,0.0639437126293194,0.08761731573731185,0
0.8553007811465052,138,0.0639437126293194,0.07654039901266137,0
0.8553007811465052,139,0.0639437126293194,0.07657315640913699,0
0.8553007811465052,140,0.0639437126293194,0.07731963852135318,0
0.8553007811465052,141,0.0639437126293194,0.07620274908049332,1
0.8553007811465052,142,0.0639437126293194,0.07619222540882971,1
0.8553007811465052,143,0.0639437126293194,0.07669422529123156,0
0.8553007811465052,144,0.0639437126293194,0.07637179259041664,1
0.8553007811465052,145,0.0639437126293194,0.08646782446970853,0
0.8553007811465052,146,0.0639437126293194,0.07652701610812941,1
0.8553007811465052,147,0.0639437126293194,0.07644828531248454,1
0.8553007811465052,148,0.0639437126293194,0.08777587237685819,0
0.8553007811465052,149,0.0639437126293194,0.07660575689708304,0
0.8553007811465052,150,0.0639437126293194,0.07874865141598633,0
0.8553007811465052,151,0.0639437126293194,0.07720293759310051,1
0.8553007811465052,152,0.0639437126293194,0.0772071304078163,0
0.8553007811465052,153,0.0639437126293194,0.08472819867227717,0
0.8553007811465052,154,0.0639437126293194,0.07736890037720158,1
0.8553007811465052,155,0.0639437126293194,0.07715374879586116,1
0.8553007811465052,156,0.0639437126293194,0.09441843114803715,0
0.8553007811465052,157,0.0639437126293194,0.07970926440817874,0
0.8553007811465052,158,0.0639437126293194,0.07751196187741616,1
0.8553007811465052,159,0.0639437126293194,0.0757789547835304,1
0.8553007811465052,160,0.0639437126293194,0.08118142313311448,0
0.8553007811465052,161,0.0639437126293194,0.0756197019707509,1
0.8553007811465052,162,0.0639437126293194,0.0754284034039483,1
0.8553007811465052,163,0.0639437126293194,0.07549285382609022,0
0.8553007811465052,164,0.0639437126293194,0.07538796998683063,1
0.8553007811465052,165,0.0639437126293194,0.07577833420036882,0
0.8553007811465052,166,0.0639437126293194,0.08181362528096942,0
0.8553007811465052,167,0.0639437126293194,0.07537110501891753,1
0.8553007811465052,168,0.0639437126293194,0.07846495756598268,1
0.8553007811465052,169,0.0639437126293194,0.07848597541434542,1
0.8553007811465052,170,0.0639437126293194,0.07852794580375734,0
0.8553007811465052,171,0.0639437126293194,0.08296630076954625,0
0.8553007811465052,172,0.0639437126293194,0.07854305543130763,0
0.8553007811465052,173,0.0639437126293194,0.07943883506173559,0
0.8553007811465052,174,0.0639437126293194,0.0784588852864237,1
0.8553007811465052,175,0.0639437126293194,0.07912719694989356,0
0.8553007811465052,176,0.0639437126293194,0.07960912745637025,1
0.8553007811465052,177,0.0639437126293194,0.07959825213267809,1
0.8553007811465052,178,0.0639437126293194,0.07714167669057992,1
0.8553007811465052,179,0.0639437126293194,0.09405940218585797,0
0.8553007811465052,180,0.0639437126293194,0.08030811455722274,0
0.8553007811465052,181,0.0639437126293194,0.07500740369365853,1
0.8553007811465052,182,0.0639437126293194,0.07495148938589537,1
0.8553007811465052,183,0.0639437126293194,0.07510089524023995,0
0.8553007811465052,184,0.0639437126293194,0.07494562371051362,1
0.8553007811465052,185,0.0639437126293194,0.08166037507581385,0
0.8553007811465052,186,0.0639437126293194,0.08686617826827395,0
0.8553007811465052,187,0.0639437126293194,0.07536834701875861,1
0.8553007811465052,188,0.0639437126293194,0.07613460720620946,0
0.8553007811465052,189,0.0639437126293194,0.0746544936418859,1
0.8553007811465052,190,0.0639437126293194,0.07469059058345,0
0.8553007811465052,191,0.0639437126293194,0.07462162008830031,1
0.8553007811465052,192,0.0639437126293194,0.08246964469803071,0
0.8553007811465052,193,0.0639437126293194,0.07739650672118954,0
0.8553007811465052,194,0.0639437126293194,0.07579003629557207,0
0.8553007811465052,195,0.0639437126293194,0.09419474574431626,0
0.8553007811465052,196,0.0639437126293194,0.074677963093443,0
0.8553007811465052,197,0.0639437126293194,0.07451670575220248,1
0.8553007811465052,198,0.0639437126293194,0.07111751323192751,1
0.8553007811465052,199,0.0639437126293194,0.06745661171207624,1
0.8553007811465052,200,0.0639437126293194,0.08186725773413221,0
0.8553007811465052,201,0.0639437126293194,0.06882442951203481,0
0.8553007811465052,202,0.0639437126293194,0.06682463462657978,1
0.8553007811465052,203,0.0639437126293194,0.06871025791397732,0
0.8553007811465052,204,0.0639437126293194,0.06668739038292223,1
0.8553007811465052,205,0.0639437126293194,0.06704275416197292,0
0.8553007811465052,206,0.0639437126293194,0.06693305782169498,0
0.8553007811465052,207,0.0639437126293194,0.06663619246453788,1
0.8553007811465052,208,0.0639437126293194,0.06682772583291931,1
0.8553007811465052,209,0.0639437126293194,0.0668145425603207,1
0.8553007811465052,210,0.0639437126293194,0.07006279252534262,0
0.8553007811465052,211,0.0639437126293194,0.07100235698303574,0
0.8553007811465052,212,0.0639437126293194,0.06681068559190324,1
0.8553007811465052,213,0.0639437126293194,0.0733177517264551,0
0.8553007811465052,214,0.0639437126293194,0.06671061739787165,1
0.8553007811465052,215,0.0639437126293194,0.06674929956919223,1
0.8553007811465052,216,0.0639437126293194,0.06965008217238743,1
0.8553007811465052,217,0.0639437126293194,0.08801024664074478,0
0.8553007811465052,218,0.0639437126293194,0.07013746346036046,0
0.8553007811465052,219,0.0639437126293194,0.0701652831148902,0
0.8553007811465052,220,0.0639437126293194,0.08035828461724939,0
0.8553007811465052,221,0.0639437126293194,0.07011914332206275,0
0.8553007811465052,222,0.0639437126293194,0.0696785906059296,0
0.8553007811465052,223,0.0639437126293194,0.06970382963989107,0
0.8553007811465052,224,0.0639437126293194,0.07138191863490623,0
0.8553007811465052,225,0.0639437126293194,0.07059534270142863,1
0.8553007811465052,226,0.0639437126293194,0.07066485229491366,1
0.8553007811465052,227,0.0639437126293194,0.07667866627791645,0
0.8553007811465052,228,0.0639437126293194,0.07504642781915516,0
0.8553007811465052,229,0.0639437126293194,0.08109345197794587,0
0.8553007811465052,230,0.0639437126293194,0.0707814707476461,0
0.8553007811465052,231,0.0639437126293194,0.07063661369784884,1
0.8553007811465052,232,0.0639437126293194,0.0706080751087628,1
0.8553007811465052,233,0.0639437126293194,0.07156882761271159,0
0.8553007811465052,234,0.0639437126293194,0.071209403952704,0
0.8553007811465052,235,0.0639437126293194,0.07071630438188509,0
0.8553007811465052,236,0.0639437126293194,0.0687004071524727,1
0.8553007811465052,237,0.0639437126293194,0.06988001050587156,0
0.8553007811465052,238,0.0639437126293194,0.0890919740501967,0
0.8553007811465052,239,0.0639437126293194,0.06901403573545803,0
0.8553007811465052,240,0.0639437126293194,0.07286415064568114,0
0.8553007811465052,241,0.0639437126293194,0.06857269264602735,1
0.8553007811465052,242,0.0639437126293194,0.06921202301462044,1
0.8553007811465052,243,0.0639437126293194,0.0723650590471809,0
0.8553007811465052,244,0.0639437126293194,0.0695309991934696,0
0.8553007811465052,245,0.0639437126293194,0.0743007980130893,0
0.8553007811465052,246,0.0639437126293194,0.0688996559595748,1
0.8553007811465052,247,0.0639437126293194,0.07708166046078668,0
0.8553007811465052,248,0.0639437126293194,0.06901866322595832,0
0.8553007811465052,249,0.0639437126293194,0.06892868494765203,0
0.8553007811465052,250,0.0639437126293194,0.0697898597140922,0
0.8553007811465052,251,0.0639437126293194,0.07337014777398279,0
0.8553007811465052,252,0.0639437126293194,0.08680693858541833,0
0.8553007811465052,253,0.0639437126293194,0.06886847795025372,1
0.8553007811465052,254,0.0639437126293194,0.06891627403857845,1
0.8553007811465052,255,0.0639437126293194,0.06921881482371155,0
0.8553007811465052,256,0.0639437126293194,0.0776758748966306,1
0.8553007811465052,257,0.0639437126293194,0.08040108003862242,0
0.8553007811465052,258,0.0639437126293194,0.07771629475544871,0
0.8553007811465052,259,0.0639437126293194,0.07858572773960705,0
0.8553007811465052,260,0.0639437126293194,0.07756195644933918,1
0.8553007811465052,261,0.0639437126293194,0.07874452826527413,1
0.8553007811465052,262,0.0639437126293194,0.1098092962003669,0
0.8553007811465052,263,0.0639437126293194,0.07700972772912609,1
0.8553007811465052,264,0.0639437126293194,0.07764722899029775,0
0.8553007811465052,265,0.0639437126293194,0.07961833631496079,0
0.8553007811465052,266,0.0639437126293194,0.07732769225718594,1
0.8553007811465052,267,0.0639437126293194,0.07737702977256244,0
0.8553007811465052,268,0.0639437126293194,0.07753569705707744,0
0.8553007811465052,269,0.0639437126293194,0.09054059471756448,0
0.8553007811465052,270,0.0639437126293194,0.07447688746152487,1
0.8553007811465052,271,0.0639437126293194,0.07436226383029616,1
0.8553007811465052,272,0.0639437126293194,0.0767801708794726,0
0.8553007811465052,273,0.0639437126293194,0.07546683048010545,0
0.8553007811465052,274,0.0639437126293194,0.07437145139829843,1
0.8553007811465052,275,0.0639437126293194,0.07442262084895145,0
0.8553007811465052,276,0.0639437126293194,0.07571918246549489,0
0.8553007811465052,277,0.0639437126293194,0.07437312308001254,0
0.8553007811465052,278,0.0639437126293194,0.0734896994602116,1
0.8553007811465052,279,0.0639437126293194,0.08988017558853316,0
0.8553007811465052,280,0.0639437126293194,0.07344586928939775,1
0.8553007811465052,281,0.0639437126293194,0.0751377340060751,0
0.8553007811465052,282,0.0639437126293194,0.07341745599685592,0
0.8553007811465052,283,0.0639437126293194,0.07325398512224289,1
0.8553007811465052,284,0.0639437126293194,0.07328737749575678,1
0.8553007811465052,285,0.0639437126293194,0.07352489417501093,1
0.8553007811465052,286,0.0639437126293194,0.0738456041342202,0
0.8553007811465052,287,0.0639437126293194,0.07356726547350172,1
0.8553007811465052,288,0.0639437126293194,0.07978145419108744,0
0.8553007811465052,289,0.0639437126293194,0.07478964825177568,1
0.8553007811465052,290,0.0639437126293194,0.07476373815202525,1
0.8553007811465052,291,0.0639437126293194,0.07595608137409256,0
0.8553007811465052,292,0.0639437126293194,0.0733583683104603,1
0.8553007811465052,293,0.0639437126293194,0.08473309621464087,0
0.8553007811465052,294,0.0639437126293194,0.07340236403627362,1
0.8553007811465052,295,0.0639437126293194,0.07304353537261499,1
0.8553007811465052,296,0.0639437126293194,0.07629362585287147,0
0.8553007811465052,297,0.0639437126293194,0.07302860582963934,1
0.8553007811465052,298,0.0639437126293194,0.07282111004536156,1
0.8553007811465052,299,0.0639437126293194,0.07305751795456504,0
0.8553007811465052,300,0.0639437126293194,0.08304823637072378,0
0.8553007811465052,301,0.0639437126293194,0.07320062455965524,1
0.8553007811465052,302,0.0639437126293194,0.07311108475839792,1
0.8553007811465052,303,0.0639437126293194,0.07312457194382121,0
0.8553007811465052,304,0.0639437126293194,0.07349054401434675,1
0.8553007811465052,305,0.0639437126293194,0.0738358934280159,0
0.8553007811465052,306,0.0639437126293194,0.07361980087279872,1
0.8553007811465052,307,0.0639437126293194,0.07578949232128956,1
0.8553007811465052,308,0.0639437126293194,0.07620776242266022,1
0.8553007811465052,309,0.0639437126293194,0.07623296808395191,0
0.8553007811465052,310,0.0639437126293194,0.07613790909011324,1
0.8553007811465052,311,0.0639437126293194,0.0930225714400643,0
0.8553007811465052,312,0.0639437126293194,0.07736530874964463,1
0.8553007811465052,313,0.0639437126293194,0.08211362849530109,0
0.8553007811465052,314,0.0639437126293194,0.07868482904606461,0
0.8553007811465052,315,0.0639437126293194,0.08384557703919034,0
0.8553007811465052,316,0.0639437126293194,0.07744638537841445,0
0.8553007811465052,317,0.0639437126293194,0.07866008751732295,0
0.8553007811465052,318,0.0639437126293194,0.07747718187570882,0
0.8553007811465052,319,0.0639437126293194,0.09066074937791549,0
0.8553007811465052,320,0.0639437126293194,0.07736014709486302,1
0.8553007811465052,321,0.0639437126293194,0.07740887632601585,1
0.8553007811465052,322,0.0639437126293194,0.07730060017831387,1
0.8553007811465052,323,0.0639437126293194,0.07620738376205112,1
0.8553007811465052,324,0.0639437126293194,0.07605811472923088,1
0.8553007811465052,325,0.0639437126293194,0.0763610329832303,0
0.8553007811465052,326,0.0639437126293194,0.0915972709224156,0
0.8553007811465052,327,0.0639437126293194,0.0811996653081209,0
0.8553007811465052,328,0.0639437126293194,0.07601048573271195,1
0.8553007811465052,329,0.0639437126293194,0.07627834860292966,0
0.8553007811465052,330,0.0639437126293194,0.07616048493294442,0
0.8553007811465052,331,0.0639437126293194,0.07588693850784213,1
0.8553007811465052,332,0.0639437126293194,0.07589025909881067,1
0.8553007811465052,333,0.0639437126293194,0.07586620243533036,1
0.8553007811465052,334,0.0639437126293194,0.07384151397631428,1
0.8553007811465052,335,0.0639437126293194,0.07426970666397785,0
0.8553007811465052,336,0.0639437126293194,0.074695210306263,1
0.8553007811465052,337,0.0639437126293194,0.07846532640932306,0
0.8553007811465052,338,0.0639437126293194,0.07467941806536707,1
0.8553007811465052,339,0.0639437126293194,0.07728726461448102,0
0.8553007811465052,340,0.0639437126293194,0.08333679306174799,0
0.8553007811465052,341,0.0639437126293194,0.07505097755294024,0
0.8553007811465052,342,0.0639437126293194,0.0747038248068852,1
0.8553007811465052,343,0.0639437126293194,0.07483175899074339,1
0.8553007811465052,344,0.0639437126293194,0.0739549091600015,1
0.8553007811465052,345,0.0639437126293194,0.07440513205715918,1
0.8553007811465052,346,0.0639437126293194,0.07457309068137274,0
0.8553007811465052,347,0.0639437126293194,0.07420008085876188,1
0.8553007811465052,348,0.0639437126293194,0.07443462202725804,0
0.8553007811465052,349,0.0639437126293194,0.07155896769870644,1
0.8553007811465052,350,0.0639437126293194,0.07158862925829984,0
0.8553007811465052,351,0.0639437126293194,0.07234595582003597,0
0.8553007811465052,352,0.0639437126293194,0.07275457953579609,0
0.8553007811465052,353,0.0639437126293194,0.07154522567144164,1
0.8553007811465052,354,0.0639437126293194,0.0715248898306357,1
0.8553007811465052,355,0.0639437126293194,0.08498348174322301,0
0.8553007811465052,356,0.0639437126293194,0.0722650962172536,0
0.8553007811465052,357,0.0639437126293194,0.07151517792562276,1
0.8553007811465052,358,0.0639437126293194,0.07152624803323271,0
0.8553007811465052,359,0.0639437126293194,0.07268043867354687,0
0.8553007811465052,360,0.0639437126293194,0.07143724087503497,1
0.8553007811465052,361,0.0639437126293194,0.06999990683997193,1
0.8553007811465052,362,0.0639437126293194,0.06925533778966217,1
0.8553007811465052,363,0.0639437126293194,0.07342614380832069,0
0.8553007811465052,364,0.0639437126293194,0.07005807758157745,0
0.8553007811465052,365,0.0639437126293194,0.06925741295477093,0
0.8553007811465052,366,0.0639437126293194,0.07522692602383708,0
0.8553007811465052,367,0.0639437126293194,0.06948430504912498,0
0.8553007811465052,368,0.0639437126293194,0.07807045941349008,0
0.8553007811465052,369,0.0639437126293194,0.06952883129160456,0
0.8553007811465052,370,0.0639437126293194,0.06963193577901039,0
0.8553007811465052,371,0.0639437126293194,0.0687495531708953,1
0.8553007811465052,372,0.0639437126293194,0.06845468476902082,1
0.8553007811465052,373,0.0639437126293194,0.07657233367523478,0
0.8553007811465052,374,0.0639437126293194,0.06920530706205635,1
0.8553007811465052,375,0.0639437126293194,0.06933363040408862,0
0.8553007811465052,376,0.0639437126293194,0.07402540417972474,0
0.8553007811465052,377,0.0639437126293194,0.08570616708637321,0
0.8553007811465052,378,0.0639437126293194,0.06917938142139746,1
0.8553007811465052,379,0.0639437126293194,0.06996929053676328,0
0.8553007811465052,380,0.0639437126293194,0.0693268737819406,1
0.8553007811465052,381,0.0639437126293194,0.06926897669082764,1
0.8553007811465052,382,0.0639437126293194,0.07264283473078373,0
0.8553007811465052,383,0.0639437126293194,0.06944940082406738,0
0.8553007811465052,384,0.0639437126293194,0.0703203729841792,0
0.8553007811465052,385,0.0639437126293194,0.06926887924153803,1
0.8553007811465052,386,0.0639437126293194,0.07563598076038483,0
0.8553007811465052,387,0.0639437126293194,0.07113369965905245,1
0.8553007811465052,388,0.0639437126293194,0.07238233069392581,0
0.8553007811465052,389,0.0639437126293194,0.07798710383057104,1
0.8553007811465052,390,0.0639437126293194,0.08797023082677849,0
0.8553007811465052,391,0.0639437126293194,0.09154368499524328,1
0.8553007811465052,392,0.0639437126293194,0.09155650828489752,0
0.8553007811465052,393,0.0639437126293194,0.09184358710935447,0
0.8553007811465052,394,0.0639437126293194,0.09152398798496164,1
0.8553007811465052,395,0.0639437126293194,0.09445067312934768,0
0.8553007811465052,396,0.0639437126293194,0.08521489894569002,1
0.8553007811465052,397,0.0639437126293194,0.08558431981506084,0
0.8553007811465052,398,0.0639437126293194,0.08610868710622342,0
0.8553007811465052,399,0.0639437126293194,0.0855858562654355,0
0.8553007811465052,400,0.0639437126293194,0.08546876171913177,0
0.8553007811465052,401,0.0639437126293194,0.08497484163265545,1
0.8553007811465052,402,0.0639437126293194,0.08631109790899605,0
0.8553007811465052,403,0.0639437126293194,0.08125800386732097,1
0.8553007811465052,404,0.0639437126293194,0.08130068911739202,0
0.8553007811465052,405,0.0639437126293194,0.08320104514915155,0
0.8553007811465052,406,0.0639437126293194,0.08100070434619087,1
0.8553007811465052,407,0.0639437126293194,0.08129168617718802,1
0.8553007811465052,408,0.0639437126293194,0.08245837365806236,0
0.8553007811465052,409,0.0639437126293194,0.0780604883201031,1
0.8553007811465052,410,0.0639437126293194,0.07850912152634955,0
0.8553007811465052,411,0.0639437126293194,0.07791452209245177,1
0.8553007811465052,412,0.0639437126293194,0.08040055651412484,0
0.8553007811465052,413,0.0639437126293194,0.07652741549015266,1
0.8553007811465052,414,0.0639437126293194,0.07649699549715579,1
0.8553007811465052,415,0.0639437126293194,0.07563822012497291,1
0.8553007811465052,416,0.0639437126293194,0.07596360449417276,0
0.8553007811465052,417,0.0639437126293194,0.08492417184372787,0
0.8553007811465052,418,0.0639437126293194,0.08733659240755394,0
0.8553007811465052,419,0.0639437126293194,0.09087366353942401,0
0.8553007811465052,420,0.0639437126293194,0.07627912316115891,0
0.8553007811465052,421,0.0639437126293194,0.07708700698629554,0
0.8553007811465052,422,0.0639437126293194,0.0772259515829107,0
0.8553007811465052,423,0.0639437126293194,0.08594301640629255,0
0.8553007811465052,424,0.0639437126293194,0.07607050404822023,1
0.8553007811465052,425,0.0639437126293194,0.07688680493625147,0
0.8553007811465052,426,0.0639437126293194,0.080710449730615,0
0.8553007811465052,427,0.0639437126293194,0.0761230099111426,1
0.8553007811465052,428,0.0639437126293194,0.07611445201343378,1
0.8553007811465052,429,0.0639437126293194,0.0795360765886891,0
0.8553007811465052,430,0.0639437126293194,0.09531110290178159,0
0.8553007811465052,431,0.0639437126293194,0.07614237967972107,1
0.8553007811465052,432,0.0639437126293194,0.07640903024935353,0
0.8553007811465052,433,0.0639437126293194,0.07616278616580399,0
0.8553007811465052,434,0.0639437126293194,0.07623272785549534,0
0.8553007811465052,435,0.0639437126293194,0.0877201119175232,0
0.8553007811465052,436,0.0639437126293194,0.07809062725927098,1
0.8553007811465052,437,0.0639437126293194,0.07912281933568409,1
0.8553007811465052,438,0.0639437126293194,0.09113828691114151,0
0.8553007811465052,439,0.0639437126293194,0.07908665260133824,1
0.8553007811465052,440,0.0639437126293194,0.08146305277906662,0
0.8553007811465052,441,0.0639437126293194,0.07910956535100003,0
0.8553007811465052,442,0.0639437126293194,0.08242030358110293,0
0.8553007811465052,443,0.0639437126293194,0.09048396759925557,0
0.8553007811465052,444,0.0639437126293194,0.09236434548804183,0
0.8553007811465052,445,0.0639437126293194,0.0792193348478265,1
0.8553007811465052,446,0.0639437126293194,0.07930293274892997,1
0.8553007811465052,447,0.0639437126293194,0.09896664250015194,0
0.8553007811465052,448,0.0639437126293194,0.07938599926865264,0
0.8553007811465052,449,0.0639437126293194,0.0793948640581517,0
0.8553007811465052,450,0.0639437126293194,0.08076664245940159,0
0.8553007811465052,451,0.0639437126293194,0.08167097046855597,1
0.8553007811465052,452,0.0639437126293194,0.0970447977818554,0
0.8553007811465052,453,0.0639437126293194,0.0812054247896737,1
0.8553007811465052,454,0.0639437126293194,0.09758021031740553,0
0.8553007811465052,455,0.0639437126293194,0.08129961014444188,1
0.8553007811465052,456,0.0639437126293194,0.08280408107865825,0
0.8553007811465052,457,0.0639437126293194,0.09241117616340243,0
0.8553007811465052,458,0.0639437126293194,0.08400422304658073,0
0.8553007811465052,459,0.0639437126293194,0.0942643067165393,0
0.8553007811465052,460,0.0639437126293194,0.08342034691601116,0
0.8553007811465052,461,0.0639437126293194,0.08115400358682627,1
0.8553007811465052,462,0.0639437126293194,0.08779905499913458,0
0.8553007811465052,463,0.0639437126293194,0.08524658590400282,1
0.8553007811465052,464,0.0639437126293194,0.08603392786148441,0
0.8553007811465052,465,0.0639437126293194,0.08306490923326386,1
0.8553007811465052,466,0.0639437126293194,0.0853961729868651,0
0.8553007811465052,467,0.0639437126293194,0.0906819713606919,0
0.8553007811465052,468,0.0639437126293194,0.08323136814069317,1
0.8553007811465052,469,0.0639437126293194,0.08359124189577942,0
0.8553007811465052,470,0.0639437126293194,0.08332770479562415,0
0.8553007811465052,471,0.0639437126293194,0.08322776786812344,1
0.8553007811465052,472,0.0639437126293194,0.08267926509892909,1
0.8553007811465052,473,0.0639437126293194,0.082673052500184,1
0.8553007811465052,474,0.0639437126293194,0.08292935351191527,0
0.8553007811465052,475,0.0639437126293194,0.08260173313655317,1
0.8553007811465052,476,0.0639437126293194,0.08310086609449768,1
0.8553007811465052,477,0.0639437126293194,0.08551320883116326,0
0.8553007811465052,478,0.0639437126293194,0.08893565781324232,0
0.8553007811465052,479,0.0639437126293194,0.08645531322299789,0
0.8553007811465052,480,0.0639437126293194,0.08324680589492202,0
0.8553007811465052,481,0.0639437126293194,0.08420706695181437,1
0.8553007811465052,482,0.0639437126293194,0.0843815720727869,0
0.8553007811465052,483,0.0639437126293194,0.0845311823876037,0
0.8553007811465052,484,0.0639437126293194,0.09641112107810398,0
0.8553007811465052,485,0.0639437126293194,0.08493889832614877,0
0.8553007811465052,486,0.0639437126293194,0.0840953425554737,1
0.8553007811465052,487,0.0639437126293194,0.09228018741412686,0
0.8553007811465052,488,0.0639437126293194,0.10168519117152308,0
0.8553007811465052,489,0.0639437126293194,0.09374690010353501,0
0.8553007811465052,490,0.0639437126293194,0.08455962638315032,0
0.8553007811465052,491,0.0639437126293194,0.08354250233753795,1
0.8553007811465052,492,0.0639437126293194,0.08374212291074438,0
0.8553007811465052,493,0.0639437126293194,0.08365346728754564,0
0.8553007811465052,494,0.0639437126293194,0.08364760784891816,0
0.8553007811465052,495,0.0639437126293194,0.10579269876357335,0
0.8553007811465052,496,0.0639437126293194,0.08312192845030021,1
0.8553007811465052,497,0.0639437126293194,0.0847747237117133,0
0.8553007811465052,498,0.0639437126293194,0.09192147838827418,0
0.8553007811465052,499,0.0639437126293194,0.08311331514834197,1
0.8553007811465052,500,0.0639437126293194,0.08312889260859779,0
0.8553007811465052,501,0.0639437126293194,0.08307680161949989,1
0.8553007811465052,502,0.0639437126293194,0.08322627630117817,0
0.8553007811465052,503,0.0639437126293194,0.08470375562903733,0
0.8553007811465052,504,0.0639437126293194,0.08055017639341451,1
0.8553007811465052,505,0.0639437126293194,0.08074489665449432,0
0.8553007811465052,506,0.0639437126293194,0.08242900290072337,0
0.8553007811465052,507,0.0639437126293194,0.08050740836087258,1
0.8553007811465052,508,0.0639437126293194,0.0803982635265628,1
0.8553007811465052,509,0.0639437126293194,0.08075528337746489,0
0.8553007811465052,510,0.0639437126293194,0.08054444146896422,0
0.8553007811465052,511,0.0639437126293194,0.08182429383917769,0
0.8553007811465052,512,0.0639437126293194,0.0804087322778949,0
0.8553007811465052,513,0.0639437126293194,0.08848335725016165,1
0.8553007811465052,514,0.0639437126293194,0.10325079725273897,0
0.8553007811465052,515,0.0639437126293194,0.08922776627114308,0
0.8553007811465052,516,0.0639437126293194,0.10360738743064984,0
0.8553007811465052,517,0.0639437126293194,0.08850137964592839,1
0.8553007811465052,518,0.0639437126293194,0.0891198254174299,0
0.8553007811465052,519,0.0639437126293194,0.11593547258933895,0
0.8553007811465052,520,0.0639437126293194,0.08857640825801294,0
0.8553007811465052,521,0.0639437126293194,0.08851499113859956,1
0.8553007811465052,522,0.0639437126293194,0.09172107159431364,0
0.8553007811465052,523,0.0639437126293194,0.09185268740213218,0
0.8553007811465052,524,0.0639437126293194,0.08885723488826687,0
0.8553007811465052,525,0.0639437126293194,0.09121271847667141,1
0.8553007811465052,526,0.0639437126293194,0.09119684974673342,1
0.8553007811465052,527,0.0639437126293194,0.09125219027438514,1
0.8553007811465052,528,0.0639437126293194,0.09128103765600667,1
0.8553007811465052,529,0.0639437126293194,0.09147231587371109,0
0.8553007811465052,530,0.0639437126293194,0.09136882075862793,1
0.8553007811465052,531,0.0639437126293194,0.10018316420693683,0
0.8553007811465052,532,0.0639437126293194,0.091422426922214,0
0.8553007811465052,533,0.0639437126293194,0.09112074248857462,1
0.8553007811465052,534,0.0639437126293194,0.0946668180515161,1
0.8553007811465052,535,0.0639437126293194,0.09482485101300818,0
0.8553007811465052,536,0.0639437126293194,0.09243787217287,1
0.8553007811465052,537,0.0639437126293194,0.09436762332229662,0
0.8553007811465052,538,0.0639437126293194,0.10365950720696604,0
0.8553007811465052,539,0.0639437126293194,0.09252636338011247,0
0.8553007811465052,540,0.0639437126293194,0.09604095121761635,0
0.8553007811465052,541,0.0639437126293194,0.09304058721293167,0
0.8553007811465052,542,0.0639437126293194,0.09257246555889681,0
0.8553007811465052,543,0.0639437126293194,0.08347416628816522,1
0.8553007811465052,544,0.0639437126293194,0.0888314215911011,0
0.8553007811465052,545,0.0639437126293194,0.08361722618499448,0
0.8553007811465052,546,0.0639437126293194,0.08348001629095358,1
0.8553007811465052,547,0.0639437126293194,0.09023979172964905,0
0.8553007811465052,548,0.0639437126293194,0.0870131315195114,0
0.8553007811465052,549,0.0639437126293194,0.07934877334400109,1
0.8553007811465052,550,0.0639437126293194,0.07924058327120417,1
0.8553007811465052,551,0.0639437126293194,0.07950964594005756,1
0.8553007811465052,552,0.0639437126293194,0.07970922438780062,0
0.8553007811465052,553,0.0639437126293194,0.07895468430765887,1
0.8553007811465052,554,0.0639437126293194,0.0938815015703672,0
0.8553007811465052,555,0.0639437126293194,0.07832628130836972,1
0.8553007811465052,556,0.0639437126293194,0.08436730067331362,0
0.8553007811465052,557,0.0639437126293194,0.0764602620148174,1
0.8553007811465052,558,0.0639437126293194,0.07655224806238434,0
0.8553007811465052,559,0.0639437126293194,0.07472138741858014,1
0.8553007811465052,560,0.0639437126293194,0.07460481718241414,1
0.8553007811465052,561,0.0639437126293194,0.07413364676200954,1
0.8553007811465052,562,0.0639437126293194,0.0740621038150128,1
0.8553007811465052,563,0.0639437126293194,0.08300143289252138,0
0.8553007811465052,564,0.0639437126293194,0.07484431707080329,0
0.8553007811465052,565,0.0639437126293194,0.0744237493258132,1
0.8553007811465052,566,0.0639437126293194,0.07494130899889075,1
0.8553007811465052,567,0.0639437126293194,0.0751673768388192,0
0.8553007811465052,568,0.0639437126293194,0.07467370449936707,1
0.8553007811465052,569,0.0639437126293194,0.0751224907689204,0
0.8553007811465052,570,0.0639437126293194,0.07459205719728598,1
0.8553007811465052,571,0.0639437126293194,0.09481256852198157,0
0.8553007811465052,572,0.0639437126293194,0.08801210039764933,0
0.8553007811465052,573,0.0639437126293194,0.07676647999036486,0
0.8553007811465052,574,0.0639437126293194,0.08833749224640927,0
0.8553007811465052,575,0.0639437126293194,0.0824732308397443,0
0.8553007811465052,576,0.0639437126293194,0.07460872388764098,1
0.8553007811465052,577,0.0639437126293194,0.07445135140311242,1
0.8553007811465052,578,0.0639437126293194,0.07445839483728421,0
0.8553007811465052,579,0.0639437126293194,0.08334928955730729,0
0.8553007811465052,580,0.0639437126293194,0.07586490608522238,1
0.8553007811465052,581,0.0639437126293194,0.07584941315445261,1
0.8553007811465052,582,0.0639437126293194,0.07816549200903895,0
0.8553007811465052,583,0.0639437126293194,0.07624871976137153,0
0.8553007811465052,584,0.0639437126293194,0.07589026266072271,0
0.8553007811465052,585,0.0639437126293194,0.07586113452936549,0
0.8553007811465052,586,0.0639437126293194,0.07580618325455456,1
0.8553007811465052,587,0.0639437126293194,0.07598477948691866,1
0.8553007811465052,588,0.0639437126293194,0.07583129644396844,1
0.8553007811465052,589,0.0639437126293194,0.07736905128999062,0
0.8553007811465052,590,0.0639437126293194,0.07576833655891835,1
0.8553007811465052,591,0.0639437126293194,0.07843781622900711,0
0.8553007811465052,592,0.0639437126293194,0.07592334160269576,0
0.8553007811465052,593,0.0639437126293194,0.07619703458803792,0
0.8553007811465052,594,0.0639437126293194,0.07580830477452927,1
0.8553007811465052,595,0.0639437126293194,0.08700836705741131,0
0.8553007811465052,596,0.0639437126293194,0.08406409115067845,0
0.8553007811465052,597,0.0639437126293194,0.07590060120536317,0
0.8553007811465052,598,0.0639437126293194,0.07578785801290737,1
0.8553007811465052,599,0.0639437126293194,0.08533926165229347,0
0.8553007811465052,600,0.0639437126293194,0.09025719729128995,0
0.8553007811465052,601,0.0639437126293194,0.07593067955471237,0
0.8553007811465052,602,0.0639437126293194,0.07580872414337014,0
0.8553007811465052,603,0.0639437126293194,0.07580402524035074,1
0.8553007811465052,604,0.0639437126293194,0.07316367061510899,1
0.8553007811465052,605,0.0639437126293194,0.07612567758542545,0
0.8553007811465052,606,0.0639437126293194,0.07271055313873356,1
0.8553007811465052,607,0.0639437126293194,0.08079743485092045,0
0.8553007811465052,608,0.0639437126293194,0.07299897256419649,0
0.8553007811465052,609,0.0639437126293194,0.07250651609146411,1
0.8553007811465052,610,0.0639437126293194,0.07279755991291413,0
0.8553007811465052,611,0.0639437126293194,0.07256480206504738,0
0.8553007811465052,612,0.0639437126293194,0.07738100114826126,0
0.8553007811465052,613,0.0639437126293194,0.08449562561833782,0
0.8553007811465052,614,0.0639437126293194,0.07314919517702256,1
0.8553007811465052,615,0.0639437126293194,0.07315220176217904,1
0.8553007811465052,616,0.0639437126293194,0.07362710558085624,0
0.8553007811465052,617,0.0639437126293194,0.07319569085238023,1
0.8553007811465052,618,0.0639437126293194,0.07230361245572006,1
0.8553007811465052,619,0.0639437126293194,0.07778989628406713,0
0.8553007811465052,620,0.0639437126293194,0.07217811563796281,1
0.8553007811465052,621,0.0639437126293194,0.07219757859372648,1
0.8553007811465052,622,0.0639437126293194,0.06993499628670267,1
0.8553007811465052,623,0.0639437126293194,0.09241027052933631,0
0.8553007811465052,624,0.0639437126293194,0.07161322713048941,1
0.8553007811465052,625,0.0639437126293194,0.07181036797627795,1
0.8553007811465052,626,0.0639437126293194,0.07179107397961484,1
0.8553007811465052,627,0.0639437126293194,0.07414109165245815,0
0.8553007811465052,628,0.0639437126293194,0.07863474061662917,0
0.8553007811465052,629,0.0639437126293194,0.07192896385879582,1
0.8553007811465052,630,0.0639437126293194,0.07207227940504952,1
0.8553007811465052,631,0.0639437126293194,0.08388539919588972,0
0.8553007811465052,632,0.0639437126293194,0.07219544377507846,0
0.8553007811465052,633,0.0639437126293194,0.07194934287437404,1
0.8553007811465052,634,0.0639437126293194,0.0721734407032382,0
0.8553007811465052,635,0.0639437126293194,0.07178988334507658,1
0.8553007811465052,636,0.0639437126293194,0.07176056659441493,1
0.8553007811465052,637,0.0639437126293194,0.07190272551140495,0
0.8553007811465052,638,0.0639437126293194,0.07327954063249632,0
0.8553007811465052,639,0.0639437126293194,0.07032825014447698,1
0.8553007811465052,640,0.0639437126293194,0.07049588204651434,0
0.8553007811465052,641,0.0639437126293194,0.07011538482612675,1
0.8553007811465052,642,0.0639437126293194,0.07023481525995841,0
0.8553007811465052,643,0.0639437126293194,0.07057042792001551,0
0.8553007811465052,644,0.0639437126293194,0.0702277419690607,0
0.8553007811465052,645,0.0639437126293194,0.09193569101078251,0
0.8553007811465052,646,0.0639437126293194,0.07803861448183438,0
0.8553007811465052,647,0.0639437126293194,0.07257833831232695,0
0.8553007811465052,648,0.0639437126293194,0.07067682598447306,0
0.8553007811465052,649,0.0639437126293194,0.07019351342393682,0
0.8553007811465052,650,0.0639437126293194,0.07263294544822751,0
0.8553007811465052,651,0.0639437126293194,0.066177130715724,1
0.8553007811465052,652,0.0639437126293194,0.06912697281247852,1
0.8553007811465052,653,0.0639437126293194,0.06911725922641677,1
0.8553007811465052,654,0.0639437126293194,0.07993658789557108,0
0.8553007811465052,655,0.0639437126293194,0.06912071980666933,1
0.8553007811465052,656,0.0639437126293194,0.06906261659230473,1
0.8553007811465052,657,0.0639437126293194,0.06929105137407267,0
0.8553007811465052,658,0.0639437126293194,0.08445793776948923,0
0.8553007811465052,659,0.0639437126293194,0.06954215657209045,1
0.8553007811465052,660,0.0639437126293194,0.0696226651137961,0
0.8553007811465052,661,0.0639437126293194,0.06954416093954871,0
0.8553007811465052,662,0.0639437126293194,0.06963639164930552,1
0.8553007811465052,663,0.0639437126293194,0.06967876672756701,0
0.8553007811465052,664,0.0639437126293194,0.07273865155928665,0
0.8553007811465052,665,0.0639437126293194,0.07372540685291162,1
0.8553007811465052,666,0.0639437126293194,0.07589344418783359,0
0.8553007811465052,667,0.0639437126293194,0.07468717325174754,1
0.8553007811465052,668,0.0639437126293194,0.07555574228743307,0
0.8553007811465052,669,0.0639437126293194,0.0837131563387201,0
0.8553007811465052,670,0.0639437126293194,0.08809724963833004,0
0.8553007811465052,671,0.0639437126293194,0.07913714937013767,0
0.8553007811465052,672,0.0639437126293194,0.07466104558250371,1
0.8553007811465052,673,0.0639437126293194,0.07465444521527936,1
0.8553007811465052,674,0.0639437126293194,0.0823083833693348,0
0.8553007811465052,675,0.0639437126293194,0.07474465362887345,1
0.8553007811465052,676,0.0639437126293194,0.08402172302487805,0
0.8553007811465052,677,0.0639437126293194,0.08717164827010833,0
0.8553007811465052,678,0.0639437126293194,0.08363796264536147,0
0.8553007811465052,679,0.0639437126293194,0.07453663408861302,1
0.8553007811465052,680,0.0639437126293194,0.0778543444622563,0
0.8553007811465052,681,0.0639437126293194,0.07450270892714629,1
0.8553007811465052,682,0.0639437126293194,0.07339260989322671,1
0.8553007811465052,683,0.0639437126293194,0.07338255916212764,1
0.8553007811465052,684,0.0639437126293194,0.07190714980329503,1
0.8553007811465052,685,0.0639437126293194,0.08859081952844275,0
0.8553007811465052,686,0.0639437126293194,0.07379119883305417,0
0.8553007811465052,687,0.0639437126293194,0.07188367733230706,1
0.8553007811465052,688,0.0639437126293194,0.07095928572510363,1
0.8553007811465052,689,0.0639437126293194,0.07108178919123752,1
0.8553007811465052,690,0.0639437126293194,0.07573101890933374,0
0.8553007811465052,691,0.0639437126293194,0.07118479524700329,0
0.8553007811465052,692,0.0639437126293194,0.07107490919170621,1
0.8553007811465052,693,0.0639437126293194,0.07102105895044356,1
0.8553007811465052,694,0.0639437126293194,0.07148664674100776,0
0.8553007811465052,695,0.0639437126293194,0.08307594579157715,0
0.8553007811465052,696,0.0639437126293194,0.07108041922537434,0
0.8553007811465052,697,0.0639437126293194,0.08565673819882741,0
0.8553007811465052,698,0.0639437126293194,0.07169961466193675,1
0.8553007811465052,699,0.0639437126293194,0.07143009546667113,1
0.8553007811465052,700,0.0639437126293194,0.07091815904037242,1
0.8553007811465052,701,0.0639437126293194,0.07435636223668914,0
0.8553007811465052,702,0.0639437126293194,0.07091100896529988,1
0.8553007811465052,703,0.0639437126293194,0.07125295940073816,1
0.8553007811465052,704,0.0639437126293194,0.08541978118091823,0
0.8553007811465052,705,0.0639437126293194,0.07372222734737807,0
0.8553007811465052,706,0.0639437126293194,0.0714984355734988,1
0.8553007811465052,707,0.0639437126293194,0.06986799693269238,1
0.8553007811465052,708,0.0639437126293194,0.07005255939033668,1
0.8553007811465052,709,0.0639437126293194,0.0702081471172804,1
0.8553007811465052,710,0.0639437126293194,0.07139526973812597,0
0.8553007811465052,711,0.0639437126293194,0.07933406785224649,0
0.8553007811465052,712,0.0639437126293194,0.07475208837993344,0
0.8553007811465052,713,0.0639437126293194,0.06984114225595582,1
0.8553007811465052,714,0.0639437126293194,0.07033689667423818,1
0.8553007811465052,715,0.0639437126293194,0.07054982372167294,0
0.8553007811465052,716,0.0639437126293194,0.07363925005591195,0
0.8553007811465052,717,0.0639437126293194,0.07081890654905913,0
0.8553007811465052,718,0.0639437126293194,0.0703210985697825,1
0.8553007811465052,719,0.0639437126293194,0.0776998875558035,0
0.8553007811465052,720,0.0639437126293194,0.07189053405035628,0
0.8553007811465052,721,0.0639437126293194,0.07044654389756862,1
0.8553007811465052,722,0.0639437126293194,0.08415237781448989,0
0.8553007811465052,723,0.0639437126293194,0.07027940064447595,1
0.8553007811465052,724,0.0639437126293194,0.07019497935510075,1
0.8553007811465052,725,0.0639437126293194,0.08126676231868242,0
0.8553007811465052,726,0.0639437126293194,0.0860879049186663,0
0.8553007811465052,727,0.0639437126293194,0.07053911789823154,0
0.8553007811465052,728,0.0639437126293194,0.07024131653197987,0
0.8553007811465052,729,0.0639437126293194,0.07066147360784657,0
0.8553007811465052,730,0.0639437126293194,0.07017844567668596,1
0.8553007811465052,731,0.0639437126293194,0.07024751577857827,0
0.8553007811465052,732,0.0639437126293194,0.06935407975951313,1
0.8553007811465052,733,0.0639437126293194,0.06960580147739409,0
0.8553007811465052,734,0.0639437126293194,0.06960196734661545,0
0.8553007811465052,735,0.0639437126293194,0.07421998499677164,0
0.8553007811465052,736,0.0639437126293194,0.069868134501594,0
0.8553007811465052,737,0.0639437126293194,0.06905490408212081,1
0.8553007811465052,738,0.0639437126293194,0.06855156082599685,1
0.8553007811465052,739,0.0639437126293194,0.06852829256029304,1
0.8553007811465052,740,0.0639437126293194,0.06879189848185611,0
0.8553007811465052,741,0.0639437126293194,0.06857604435333706,0
0.8553007811465052,742,0.0639437126293194,0.07175018483160307,0
0.8553007811465052,743,0.0639437126293194,0.07909395617197737,0
0.8553007811465052,744,0.0639437126293194,0.08199356725746373,0
0.8553007811465052,745,0.0639437126293194,0.0687833864238117,0
0.8553007811465052,746,0.0639437126293194,0.06864573264493547,0
0.8553007811465052,747,0.0639437126293194,0.06845564496169664,1
0.8553007811465052,748,0.0639437126293194,0.06884070451052546,1
0.8553007811465052,749,0.0639437126293194,0.07006831356416704,0
0.8553007811465052,750,0.0639437126293194,0.06893169223504719,0
0.8553007811465052,751,0.0639437126293194,0.06898827907439334,0
0.8553007811465052,752,0.0639437126293194,0.07283896968338835,0
0.8553007811465052,753,0.0639437126293194,0.06942345231548115,1
0.8553007811465052,754,0.0639437126293194,0.06940787596227091,1
0.8553007811465052,755,0.0639437126293194,0.07101205408868529,0
0.8553007811465052,756,0.0639437126293194,0.06975728400931401,0
0.8553007811465052,757,0.0639437126293194,0.06936854948467347,1
0.8553007811465052,758,0.0639437126293194,0.06929367917747066,1
0.8553007811465052,759,0.0639437126293194,0.09358085775540505,0
0.8553007811465052,760,0.0639437126293194,0.08005654181903506,0
0.8553007811465052,761,0.0639437126293194,0.0714297228934837,0
0.8553007811465052,762,0.0639437126293194,0.06918803484668293,1
0.8553007811465052,763,0.0639437126293194,0.06923276636833331,0
0.8553007811465052,764,0.0639437126293194,0.06913646355550337,1
0.8553007811465052,765,0.0639437126293194,0.06922485453663495,0
0.8553007811465052,766,0.0639437126293194,0.08442862342188208,0
0.8553007811465052,767,0.0639437126293194,0.069173725449841,1
0.8553007811465052,768,0.0639437126293194,0.0693483347944824,1
0.8553007811465052,769,0.0639437126293194,0.06910029093511179,1
0.8553007811465052,770,0.0639437126293194,0.07821589282704337,0
0.8553007811465052,771,0.0639437126293194,0.06942823888762109,0
0.8553007811465052,772,0.0639437126293194,0.06924327513325743,0
0.8553007811465052,773,0.0639437126293194,0.06589325182795373,1
0.8553007811465052,774,0.0639437126293194,0.06589391055926831,1
0.8553007811465052,775,0.0639437126293194,0.06769454455276415,0
0.8553007811465052,776,0.06390149527435508,0.06390149527435508,1
0.8553007811465052,777,0.06390149527435508,0.06931817852338888,0
0.8553007811465052,778,0.06390149527435508,0.08228566223999892,0
0.8553007811465052,779,0.06343673673400768,0.06343673673400768,1
0.8553007811465052,780,0.06319867547387732,0.06319867547387732,1
0.8553007811465052,781,0.06319867547387732,0.0791038554106646,0
0.8553007811465052,782,0.06319867547387732,0.08124312946147742,0
0.8553007811465052,783,0.06319867547387732,0.07539852625137766,0
0.8553007811465052,784,0.06319867547387732,0.06511011880623364,1
0.8553007811465052,785,0.06319867547387732,0.06471487170037414,1
0.8553007811465052,786,0.06319867547387732,0.06504309716084035,0
0.8553007811465052,787,0.06319867547387732,0.07143660832141453,0
0.8553007811465052,788,0.06319867547387732,0.07377834220658956,0
0.8553007811465052,789,0.06319867547387732,0.07097853281596414,1
0.8553007811465052,790,0.06319867547387732,0.071394449027286,0
0.8553007811465052,791,0.06319867547387732,0.06905065695436219,1
0.8553007811465052,792,0.06319867547387732,0.06906448193670361,1
0.8553007811465052,793,0.06319867547387732,0.06910617854630141,0
0.8553007811465052,794,0.06319867547387732,0.07467998185151005,0
0.8553007811465052,795,0.06319867547387732,0.06418711773068765,1
0.8553007811465052,796,0.06319867547387732,0.0643193555010194,0
0.8553007811465052,797,0.06319867547387732,0.0635978860111503,1
0.8553007811465052,798,0.06319867547387732,0.06351204375889695,1
0.8553007811465052,799,0.06319867547387732,0.0635293266068052,1
0.8553007811465052,800,0.06319867547387732,0.06372757539791545,0
0.8553007811465052,801,0.06319867547387732,0.06386646025623798,1
0.8553007811465052,802,0.06319867547387732,0.0754413271404711,0
0.8553007811465052,803,0.06319867547387732,0.0639196417160031,0
0.8553007811465052,804,0.06319867547387732,0.0636251721839123,1
0.8553007811465052,805,0.06319867547387732,0.06350858222659791,1
0.8553007811465052,806,0.06319867547387732,0.07315129647330267,0
0.8553007811465052,807,0.06319867547387732,0.06499096769395597,1
0.8553007811465052,808,0.06319867547387732,0.06514016625985891,0
0.8553007811465052,809,0.06319867547387732,0.06523464199469294,0
0.8553007811465052,810,0.06319867547387732,0.06498652323110872,1
0.8553007811465052,811,0.06319867547387732,0.06421555159283822,1
0.8553007811465052,812,0.06319867547387732,0.06424372095946942,0
0.8553007811465052,813,0.06319867547387732,0.06678208418264542,0
0.8553007811465052,814,0.06319867547387732,0.06453057368215852,1
0.8553007811465052,815,0.06319867547387732,0.06731704591887624,0
0.8553007811465052,816,0.06319867547387732,0.06437038444639114,1
0.8553007811465052,817,0.06319867547387732,0.06435092097894168,1
0.8553007811465052,818,0.06319867547387732,0.0672933221477016,0
0.8553007811465052,819,0.06319867547387732,0.06460894334848445,0
0.8553007811465052,820,0.06319867547387732,0.06435311747190256,0
0.8553007811465052,821,0.06319867547387732,0.06453580677926773,0
0.8553007811465052,822,0.06319867547387732,0.0666997167715171,1
0.8553007811465052,823,0.06319867547387732,0.06908836196376271,0
0.8553007811465052,824,0.06319867547387732,0.08014082180352809,0
0.8553007811465052,825,0.06319867547387732,0.0677883022826929,0
0.8553007811465052,826,0.06319867547387732,0.08434594769869727,0
0.8553007811465052,827,0.06319867547387732,0.06666845109400406,1
0.12829511717197578,0,0.06319867547387732,0.06678448926171937,1
0.12829511717197578,1,0.06319867547387732,0.06694772208956228,0
0.12829511717197578,2,0.06319867547387732,0.06642695839607876,1
0.12829511717197578,3,0.06319867547387732,0.0665321420117511,0
0.12829511717197578,4,0.06319867547387732,0.06637125698565544,1
0.12829511717197578,5,0.06319867547387732,0.06671035104538453,0
0.12829511717197578,6,0.06319867547387732,0.06638988626339279,1
0.12829511717197578,7,0.06319867547387732,0.06619152629166777,1
0.12829511717197578,8,0.06319867547387732,0.06545123416074448,1
0.12829511717197578,9,0.06319867547387732,0.06544498902961761,0
0.12829511717197578,10,0.06319867547387732,0.06582716624259174,1
0.12829511717197578,11,0.06319867547387732,0.07208600246746218,0
0.12829511717197578,12,0.06319867547387732,0.0658257932030723,1
0.12829511717197578,13,0.06319867547387732,0.0659724712582394,0
0.12829511717197578,14,0.06319867547387732,0.06583100804270142,0
0.12829511717197578,15,0.06319867547387732,0.0662276361032142,0
0.12829511717197578,16,0.06319867547387732,0.07217863463813656,1
0.12829511717197578,17,0.06319867547387732,0.07684364233394303,0
0.12829511717197578,18,0.06319867547387732,0.07239001970333839,1
0.12829511717197578,19,0.06319867547387732,0.07432069768636877,0
0.12829511717197578,20,0.06319867547387732,0.0726160912460617,1
0.12829511717197578,21,0.06319867547387732,0.08265873584960742,0
0.12829511717197578,22,0.06319867547387732,0.07296235369098121,0
0.12829511717197578,23,0.06319867547387732,0.07493126421012673,0
0.12829511717197578,24,0.06319867547387732,0.07427047694421972,0
0.12829511717197578,25,0.06319867547387732,0.07273532663524201,1
0.12829511717197578,26,0.06319867547387732,0.07341466523849059,1
0.12829511717197578,27,0.06319867547387732,0.07327594479625256,1
0.12829511717197578,28,0.06319867547387732,0.07260219519083572,1
0.12829511717197578,29,0.06319867547387732,0.07260337398357225,1
0.12829511717197578,30,0.06319867547387732,0.07190457599032198,1
0.12829511717197578,31,0.06319867547387732,0.08421790060466619,1
0.12829511717197578,32,0.06319867547387732,0.08775516058831143,0
0.12829511717197578,33,0.06319867547387732,0.08590096682031462,1
0.12829511717197578,34,0.06319867547387732,0.0861750430141053,1
0.12829511717197578,35,0.06319867547387732,0.08594499150428647,1
0.12829511717197578,36,0.06319867547387732,0.08638412135793329,0
0.12829511717197578,37,0.06319867547387732,0.08560480301023134,1
0.12829511717197578,38,0.06319867547387732,0.08496864902492392,1
0.12829511717197578,39,0.06319867547387732,0.08477024458876672,1
0.12829511717197578,40,0.06319867547387732,0.09585151401405155,0
0.12829511717197578,41,0.06319867547387732,0.09779003116482166,0
0.12829511717197578,42,0.06319867547387732,0.08465488128271938,1
0.12829511717197578,43,0.06319867547387732,0.08466418121307225,0
0.12829511717197578,44,0.06319867547387732,0.08963699059872239,0
0.12829511717197578,45,0.06319867547387732,0.08454108460366157,1
0.12829511717197578,46,0.06319867547387732,0.10447393314162336,0
0.12829511717197578,47,0.06319867547387732,0.08626038265541222,0
0.12829511717197578,48,0.06319867547387732,0.08431607904153862,1
0.12829511717197578,49,0.06319867547387732,0.08499818757216586,1
0.12829511717197578,50,0.06319867547387732,0.085121520920133,0
0.12829511717197578,51,0.06319867547387732,0.08517350009308548,0
0.12829511717197578,52,0.06319867547387732,0.0862323137689071,1
0.12829511717197578,53,0.06319867547387732,0.09368477709123364,0
0.12829511717197578,54,0.06319867547387732,0.0862646703873853,1
0.12829511717197578,55,0.06319867547387732,0.08836772828716928,0
0.12829511717197578,56,0.06319867547387732,0.08583004926833013,1
0.12829511717197578,57,0.06319867547387732,0.08553907241186412,1
0.12829511717197578,58,0.06319867547387732,0.09098157888458612,0
0.12829511717197578,59,0.06319867547387732,0.08606343366497542,0
0.12829511717197578,60,0.06319867547387732,0.08564214242978849,0
0.12829511717197578,61,0.06319867547387732,0.08570686953915398,0
0.12829511717197578,62,0.06319867547387732,0.08720418495470031,1
0.12829511717197578,63,0.06319867547387732,0.08723340750191186,1
0.12829511717197578,64,0.06319867547387732,0.08682998339780038,1
0.12829511717197578,65,0.06319867547387732,0.08655739038707361,1
0.12829511717197578,66,0.06319867547387732,0.08666093973172163,0
0.12829511717197578,67,0.06319867547387732,0.08653843095239067,1
0.12829511717197578,68,0.06319867547387732,0.08654997639275173,1
0.12829511717197578,69,0.06319867547387732,0.08660548065112252,0
0.12829511717197578,70,0.06319867547387732,0.08931484172418057,1
0.12829511717197578,71,0.06319867547387732,0.08912819815876498,1
0.12829511717197578,72,0.06319867547387732,0.08902324350020543,1
0.12829511717197578,73,0.06319867547387732,0.08871206095699025,1
0.12829511717197578,74,0.06319867547387732,0.09256319516708258,0
0.12829511717197578,75,0.06319867547387732,0.0996102839908901,0
0.12829511717197578,76,0.06319867547387732,0.09121202144335727,0
0.12829511717197578,77,0.06319867547387732,0.09126063458472476,0
0.12829511717197578,78,0.06319867547387732,0.08896066016992958,0
0.12829511717197578,79,0.06319867547387732,0.0888347922102765,1
0.12829511717197578,80,0.06319867547387732,0.09397127908368952,0
0.12829511717197578,81,0.06319867547387732,0.08894267972127176,0
0.12829511717197578,82,0.06319867547387732,0.09941931304212785,0
0.12829511717197578,83,0.06319867547387732,0.08778653938402298,1
0.12829511717197578,84,0.06319867547387732,0.09159415430754661,0
0.12829511717197578,85,0.06319867547387732,0.08962109838897096,1
0.12829511717197578,86,0.06319867547387732,0.08961269084101595,1
0.12829511717197578,87,0.06319867547387732,0.08956666901494903,1
0.12829511717197578,88,0.06319867547387732,0.09041411226563079,1
0.12829511717197578,89,0.06319867547387732,0.09990838309672415,0
0.12829511717197578,90,0.06319867547387732,0.09037132005283302,0
0.12829511717197578,91,0.06319867547387732,0.09038687179073844,1
0.12829511717197578,92,0.06319867547387732,0.0890024306102059,1
0.12829511717197578,93,0.06319867547387732,0.0877111955784531,1
0.12829511717197578,94,0.06319867547387732,0.08758580712038545,1
0.12829511717197578,95,0.06319867547387732,0.08708770833856712,1
0.12829511717197578,96,0.06319867547387732,0.10366044024828357,0
0.12829511717197578,97,0.06319867547387732,0.09284009679138143,0
0.12829511717197578,98,0.06319867547387732,0.10158917145908873,0
0.12829511717197578,99,0.06319867547387732,0.08707820011671895,0
0.12829511717197578,100,0.06319867547387732,0.09149045632604136,1
0.12829511717197578,101,0.06319867547387732,0.09511379065869413,0
0.12829511717197578,102,0.06319867547387732,0.10045140124174526,0
0.12829511717197578,103,0.06319867547387732,0.10993914388534412,0
0.12829511717197578,104,0.06319867547387732,0.0919238326319749,0
0.12829511717197578,105,0.06319867547387732,0.08909836735019175,1
0.12829511717197578,106,0.06319867547387732,0.09437396469451753,0
0.12829511717197578,107,0.06319867547387732,0.08908808143406935,1
0.12829511717197578,108,0.06319867547387732,0.09363324385352782,0
0.12829511717197578,109,0.06319867547387732,0.08914334638708621,0
0.12829511717197578,110,0.06319867547387732,0.09091570771907809,0
0.12829511717197578,111,0.06319867547387732,0.10402096253613186,0
0.12829511717197578,112,0.06319867547387732,0.08842016432963619,1
0.12829511717197578,113,0.06319867547387732,0.08757657650773282,1
0.12829511717197578,114,0.06319867547387732,0.09602821467372102,1
0.12829511717197578,115,0.06319867547387732,0.09633312454586516,1
0.12829511717197578,116,0.06319867547387732,0.09697499798372143,0
0.12829511717197578,117,0.06319867547387732,0.0966246091348067,0
0.12829511717197578,118,0.06319867547387732,0.09652076221958758,1
0.12829511717197578,119,0.06319867547387732,0.10214159318862252,0
0.12829511717197578,120,0.06319867547387732,0.0962154289609188,1
0.12829511717197578,121,0.06319867547387732,0.09765151955293182,1
0.12829511717197578,122,0.06319867547387732,0.09857080702675655,0
0.12829511717197578,123,0.06319867547387732,0.09886439686663183,1
0.12829511717197578,124,0.06319867547387732,0.09885941323706228,1
0.019244267575796368,0,0.06319867547387732,0.09905888307454629,0
0.019244267575796368,1,0.06319867547387732,0.10476748007630793,0
0.019244267575796368,2,0.06319867547387732,0.10074702798621121,0
0.019244267575796368,3,0.06319867547387732,0.09958894965695374,1
0.019244267575796368,4,0.06319867547387732,0.09963972392694088,0
0.019244267575796368,5,0.06319867547387732,0.1077203426099225,0
0.019244267575796368,6,0.06319867547387732,0.09957225156238629,1
0.019244267575796368,7,0.06319867547387732,0.10192235680418915,0
0.019244267575796368,8,0.06319867547387732,0.09603730253119974,1
0.019244267575796368,9,0.06319867547387732,0.09601936161162347,1
0.019244267575796368,10,0.06319867547387732,0.10461861984997547,0
0.019244267575796368,11,0.06319867547387732,0.10721116112792782,0
0.019244267575796368,12,0.06319867547387732,0.09664964441234662,0
0.019244267575796368,13,0.06319867547387732,0.09570196223009339,1
0.019244267575796368,14,0.06319867547387732,0.0978810020511308,0
0.019244267575796368,15,0.06319867547387732,0.09597128300301448,0
0.019244267575796368,16,0.06319867547387732,0.09580750749298407,0
0.019244267575796368,17,0.06319867547387732,0.09639291679801293,0
0.019244267575796368,18,0.06319867547387732,0.09635734808825981,0
0.019244267575796368,19,0.06319867547387732,0.0963829405109833,1
